Question Number,Question Prompt,Option A,Option B,Option C,Option D,Correct Option (A/B/C/D)
1,What is the primary legacy industrial domain of the 135-year-old Kirloskar Group before its strategic expansion into real estate?,"Industrial pumps, engines, and heavy machinery",Automotive assembly and tire manufacturing,Telecommunications infrastructure and optical fiber,Consumer packaged goods and retail logistics,A
2,What is the official corporate brand name of Kirloskar Industries Group's real estate division?,Kirloskar Realty Estates,Avante Spaces,Urban Industrial Parks,Kirloskar Living Spaces,B
3,In which metropolitan hub has Avante Spaces initiated its primary commercial and mixed-use footprint?,Hyderabad,Chennai,Pune,Ahmedabad,C
4,"What strategic asset enables conglomerate giants like Tata, Godrej, L&T, Mahindra, and Kirloskar to enter institutional real estate effectively?",Sovereign wealth guarantees from municipal corporations,Complete exemption from environmental impact assessments,Direct zero-cost financing from foreign central banks,Unlocking extensive legacy corporate land banks,D
5,What macro industry transition forms the core underlying business logic driving Kirloskar’s foray into commercial real estate?,"Transition from fragmented, local trade into structured, institutionalized corporate asset classes",Total deregulation of municipal zoning laws across Tier-1 cities,Conversion of all commercial office spaces into residential micro-apartments,Complete displacement of physical leasing by virtual metaverse offices,A
6,How much capital did Avante Spaces recently raise in rupee term loans to finance its commercial footprint in Pune?,Rs. 500 crore,"Rs. 1,150 crore",Rs. 850 crore,"Rs. 2,400 crore",B
7,What is the estimated total development potential of Avante Spaces' commercial footprint in Pune?,"~500,000 square feet",~1 million square feet,~2 million square feet,~5 million square feet,C
8,What specific size is highlighted in the case study for Avante Spaces' premier commercial office tower development?,"800,000 square feet",1.2 million square feet,2.5 million square feet,1.7 million square feet,D
9,"Which financing instrument did Avante Spaces leverage to secure Rs. 1,150 crore for its Pune footprint?",Rupee term loans,Foreign currency convertible bonds (FCCBs),Unsecured retail peer-to-peer lending,Municipal development rights auctions,A
10,Which regulatory framework introduced over the past decade is cited as a cornerstone of Indian real estate institutionalization?,FEMA cross-border capital restrictions,RERA guidelines,SEBI commodity derivatives directives,Competition Commission anti-trust caps,B
11,"Alongside RERA, which investment vehicle has standardized institutional liquidity and governance in the sector?",Special Purpose Acquisition Companies (SPACs),Peer-to-peer microfinance syndicates,Real Estate Investment Trusts (REITs),High-yield municipal promissory notes,C
12,What core governance and architectural expectations do global and domestic institutional investors demand from modern developers?,Fast-track construction utilizing uninspected precast concrete,Exclusive reliance on short-term speculative retail investors,Minimization of common spaces and omission of environmental ratings,"High governance standards, balance sheet resilience, and sustainable architectural design",D
13,How does Avante Spaces strategically scale its real estate operations without committing excessive internal equity?,"Leveraging brand heritage via Joint Ventures (JVs), Joint Development Agreements (JDAs), and acquisitions",Financing projects exclusively through customer pre-booking advances,Delaying contractor payments until full commercial leasing is achieved,Factoring commercial receivables through unregulated offshore entities,A
14,"In real estate asset development, what is the primary structural benefit of utilizing Joint Development Agreements (JDAs)?",It eliminates all municipal property tax liabilities permanently,It secures development rights without high upfront capital expenditure for raw land purchases,It allows developers to bypass architectural environmental compliance,It converts commercial office towers into sovereign debt instruments,B
15,What target tenant profile is specifically targeted for Avante Spaces' 1.7-million-square-foot commercial office tower?,Temporary pop-up retail boutiques,Local municipal administrative annexes,Fortune 500 tenants and large technology firms,Unregistered early-stage freelance cooperatives,C
16,Which consultative capability is essential for commercial leasing executives negotiating with Fortune 500 enterprise tenants?,High-pressure one-call direct closing tactics,Distributing generic printed promotional flyers,Offering unsolicited short-term sub-leases,Strategic negotiation and deep key-account management,D
17,What entry-level functional career role is highlighted for business and management graduates entering institutional real estate?,Market research analyst,Chief Executive Officer,Senior Managing Director of Portfolio Mergers,Principal Architect and Structural Engineer,A
18,"Besides market research analyst, which business development role is explicitly cited for early-career professionals?",Civil site foreman,Lead generation specialist in enterprise B2B sales,Heavy machinery mechanic,Topographic land surveyor,B
19,Which regional developer is cited as an example of learning ground-level execution in Tier-2 real estate markets?,Brigade Group,Prestige Estates,Rohan Corporation,Oberoi Realty,C
20,In which Tier-2 coastal economic hub does Rohan Corporation primarily develop residential and commercial assets?,Kochi,Visakhapatnam,Surat,Mangaluru,D
21,What operational advantage does an early-stage real estate career in a Tier-2 hub provide to ambitious professionals?,"Direct exposure to consumer psychology, site sourcing, channel networks, and deal closures",Complete exemption from regional municipal zoning regulations,Automated commission allocation with zero client interaction,Immediate elevation to international institutional investment committees,A
22,Why is understanding channel partner networks crucial for real estate commercialization?,They act as government tax auditors inspecting balance sheets,Channel partners drive regional pipeline generation and localized investor sourcing,They replace internal legal teams in drafting land title deeds,They manufacture concrete materials for construction sites,B
23,How does mastery of regional Tier-2 market dynamics support long-term professional development?,It restricts professionals from ever working in metropolitan markets,It substitutes for formal corporate accounting compliance,It builds execution muscle needed to manage complex multi-million-dollar enterprise B2B leasing portfolios,It guarantees automatic municipal planning permissions,C
24,What distinguishes conglomerate-backed real estate developers from unorganized legacy real estate operators?,Operating without audited financial reports or compliance checks,Avoiding long-term commercial lease covenants,Exclusively funding developments through high-interest informal loans,"Corporate brand equity, transparent governance, and institutional balance sheet strength",D
25,Why is Pune strategically attractive for institutional developers like Avante Spaces?,"It serves as a major hub for technology companies, manufacturing bases, and institutional office demand",It has no corporate tax or building regulation codes,It has completely exhausted its residential land availability,It relies solely on agriculture with zero industrial demand,A
26,What role does consultative selling play in enterprise real estate leasing compared to consumer retail sales?,It focuses on immediate spot discounts without contractual documentation,"It aligns corporate operational needs, infrastructure specifications, and long-term lease economics",It relies on emotional retail impulse buying triggers,It avoids negotiating renewal covenants or lock-in terms,B
27,How does the presence of institutional REIT vehicles impact developers like Avante Spaces?,It forces developers to demolish commercial assets after five years,It eliminates the need for Grade-A building certifications,It creates a clear exit and monetization pathway for premium Grade-A commercial yield assets,It bans multinational tenants from entering long-term leases,C
28,What is the primary purpose of client acquisition managers in enterprise B2B real estate?,Managing physical construction site cranes and equipment,Preparing daily food catering for site workers,Filing corporate patent disputes in foreign jurisdictions,"Identifying, pitching, and onboarding high-value corporate tenants for long-term leases",D
29,Why is site sourcing considered a foundational execution skill in real estate development?,"It determines land title viability, zoning feasibility, and future commercial potential",It is strictly an administrative filing task with no business impact,It requires zero verification of municipal boundary laws,It only applies to agricultural timber plantations,A
30,What macro trend drives global institutional capital towards Grade-A Indian commercial assets?,"Preference for high-risk, uninspected speculative shell developments","Demand for stable rental yields, compliant governance, and expanding multinational enterprise footprints",The complete collapse of banking systems in western markets,Mandatory international directives requiring investment in raw plots,B
31,What is the core function of a market research analyst in institutional corporate real estate?,Operating construction equipment on active build sites,Preparing architectural sketches for municipal signage,"Tracking macro leasing trends, absorption rates, supply pipelines, and tenant pricing benchmarks",Conducting door-to-door retail leaflet distribution,C
32,"In commercial real estate terminology, what does the term 'Grade-A office space' typically represent?",Temporary warehouse sheds converted for short-term retail storage,Unpaved commercial parking compounds with temporary cabins,Residential villas repurposed for light industrial welding,"Modern infrastructure, institutional architectural standards, high energy efficiency, and premier tenant amenities",D
33,How does an asset-light growth model protect developer balance sheets during market volatility?,It reduces upfront leverage and equity lock-in by sharing land costs with partners,It transfers all construction risk to third-party municipal authorities,It guarantees fixed tenant rental returns regardless of occupancy,It enables developers to repudiate loan obligations at will,A
34,What key insight regarding consumer psychology is developed through front-line Tier-2 regional sales?,Learning how to manipulate municipal property tax records,"Understanding decision-making drivers, risk perceptions, and value equations of buyers",Discovering how to bypass formal bank loan underwriting criteria,Memorizing architectural blueprints without interacting with clients,B
35,What is the primary reason Indian conglomerates like Mahindra and Godrej entered real estate?,Exiting their manufacturing businesses entirely,Complying with mandatory government real estate quotas,"Monetizing extensive industrial landholdings through branded, trustworthy institutional developments",Avoiding corporate income taxation across all business units,C
36,What does the term 'rupee term loan' signify in the context of Avante Spaces' financing?,Short-term overnight speculative currency derivative contracts,An unsecured revolving retail overdraft facility,An equity grant provided by the state government with no repayment terms,Medium-to-long-term debt financing in local currency tailored for capital expenditure and construction,D
37,Why do Fortune 500 tenants prioritize corporate developers over unorganized builders?,"Guaranteed statutory compliance, transparent governance, and world-class asset maintenance","Willingness to accept informal, undocumented cash transactions",Ability to build without fire safety and environmental permits,Offering month-to-month leases with no contractual commitments,A
38,What operational role does lead generation fulfill in commercial B2B leasing?,Drafting legal settlement deeds for disputed titles,"Mapping prospective corporate relocations, expansions, and establishing initial senior dialogue",Surveying geological bedrock depth on construction sites,Overseeing security staff at finished commercial entrances,B
39,How does RERA regulation directly protect institutional real estate investors and corporate tenants?,By guaranteeing that property prices will double every three years,By eliminating all competitive bidding among commercial developers,"By enforcing project escrow accounts, transparent disclosure, and timely delivery milestones",By subsidizing commercial office rental rates with municipal funds,C
40,What distinguishes commercial leasing from residential unit sales in terms of transaction complexity?,Commercial transactions require zero written contracts or negotiations,Residential sales always take longer than 10-year commercial anchor leases,Commercial leasing is completed exclusively through automated consumer mobile apps,"Commercial leasing involves multi-year lock-ins, complex fit-out covenants, and enterprise legal scrutiny",D
41,What strategic rationale makes mixed-use developments increasingly prevalent in urban micro-markets?,"Integrating live-work-play environments optimizes foot traffic, property value, and recurring cash flows",Mixed-use zoning allows developers to skip building foundation inspections,They are exclusively built for government ministry administrative offices,They eliminate the need for road infrastructure or public utility connections,A
42,What is meant by the phrase 'turning corporate land banks into resilient growth platforms'?,Selling all raw land immediately at agricultural distress auction prices,Developing underutilized legacy industrial land into revenue-generating commercial and residential assets,Donating corporate plots to municipal authorities for public parks,Holding land idle indefinitely to avoid operational overhead,B
43,What critical asset do established conglomerates like Kirloskar leverage to win customer and tenant confidence?,Offering the cheapest uncertified building materials in the marketplace,Promising zero municipal oversight on commercial developments,"Over a century of brand heritage, institutional reliability, and operational trust",Subsidizing multinational tenant payrolls directly,C
44,Which phase of the real estate lifecycle does a commercial client acquisition manager primarily operate in?,Initial geological soil testing and environmental remediation,Architectural structural demolition of historic buildings,Final liquidation of physical assets upon project teardown,"Tenant prospecting, pre-leasing, and lease closure phases",D
45,Why is key-account management critical once a major enterprise tenant occupies a commercial property?,"To maintain high tenant satisfaction, facilitate lease renewals, and identify expansion opportunities",To re-negotiate monthly rents upward without contractual clauses,To inspect personal employee workstations without authorization,To restrict the tenant from interacting with municipal utility providers,A
46,How does exposure to deal closures in regional markets prepare professionals for metropolitan corporate roles?,It guarantees automatic admission to executive business school programs,It instills practical commercial negotiation skills and resilience in navigating buyer objections,It replaces the need for understanding corporate lease contracts,It focuses solely on theoretical models without actual customer interaction,B
47,What does the scale of a 1.7-million-square-foot office project imply regarding commercial leasing management?,It can be filled by a single local retail shopkeeper within one week,It requires zero marketing or tenant relationship infrastructure,It requires a structured enterprise leasing pipeline across dozens of institutional corporate tenants,It is designated solely for short-term weekend residential rentals,C
48,How do institutional capital standards influence architectural design in modern corporate buildings?,They mandate the lowest possible construction costs regardless of worker safety,They encourage windowless concrete structures to save on glass expenses,They prohibit digital building management systems,"They prioritize green building certifications, energy efficiency, and sustainable workspace ergonomics",D
49,What is the primary career takeaway for graduates studying Kirloskar’s real estate institutionalization?,Grounding early experience in front-line regional sales and research creates a launchpad for enterprise B2B leadership,Real estate is entirely automated and offers zero opportunities for business graduates,Only structural civil engineers can build careers in commercial real estate,Conglomerates are exiting physical real estate to focus on pure software applications,A
50,"In summary, how does Avante Spaces' business model create sustainable competitive advantage?",By operating with maximum short-term financial leverage and speculative pricing,By combining a 135-year trusted brand heritage with institutional capital and asset-light deal structuring,By avoiding all regulatory compliance under RERA and institutional audits,By refusing joint venture partnerships to bear 100% of raw land acquisition costs,B
